{
    "image_height": 1024,
    "images_width": 1024,
    "images_path": "tile_17_31.png",
    "bboxes": [
        {
            "attributions": {
                "group": 0
            },
            "id": 0,
            "label": "Single_cell",
            "x_max": 0.294921875,
            "x_min": 0.1904296875,
            "y_max": 0.91796875,
            "y_min": 0.787109375,
            "prob": "0.849"
        },
        {
            "attributions": {
                "group": 0
            },
            "id": 1,
            "label": "Single_cell",
            "x_max": 0.173828125,
            "x_min": 0.0615234375,
            "y_max": 0.3671875,
            "y_min": 0.2822265625,
            "prob": "0.787"
        },
        {
            "attributions": {
                "group": 0
            },
            "id": 2,
            "label": "Single_cell",
            "x_max": 0.66015625,
            "x_min": 0.5986328125,
            "y_max": 0.93359375,
            "y_min": 0.880859375,
            "prob": "0.721"
        },
        {
            "attributions": {
                "group": 0
            },
            "id": 3,
            "label": "Single_cell",
            "x_max": 0.6689453125,
            "x_min": 0.611328125,
            "y_max": 0.859375,
            "y_min": 0.80078125,
            "prob": "0.717"
        }
    ]
}